-- phpMyAdmin SQL Dump
-- version 5.0.2
-- https://www.phpmyadmin.net/
--
-- Хост: 127.0.0.1:3306
-- Время создания: Янв 26 2021 г., 21:16
-- Версия сервера: 10.3.22-MariaDB
-- Версия PHP: 7.1.33

SET SQL_MODE = "NO_AUTO_VALUE_ON_ZERO";
START TRANSACTION;
SET time_zone = "+00:00";


/*!40101 SET @OLD_CHARACTER_SET_CLIENT=@@CHARACTER_SET_CLIENT */;
/*!40101 SET @OLD_CHARACTER_SET_RESULTS=@@CHARACTER_SET_RESULTS */;
/*!40101 SET @OLD_COLLATION_CONNECTION=@@COLLATION_CONNECTION */;
/*!40101 SET NAMES utf8mb4 */;

--
-- База данных: `social_network`
--

-- --------------------------------------------------------

--
-- Структура таблицы `followers`
--

CREATE TABLE `followers` (
  `id` int(11) UNSIGNED NOT NULL,
  `user_id` int(11) UNSIGNED NOT NULL,
  `follower_id` int(11) UNSIGNED NOT NULL
) ENGINE=InnoDB DEFAULT CHARSET=utf8mb4 COLLATE=utf8mb4_unicode_ci;

--
-- Дамп данных таблицы `followers`
--

INSERT INTO `followers` (`id`, `user_id`, `follower_id`) VALUES
(1, 2, 1);

-- --------------------------------------------------------

--
-- Структура таблицы `login_tokens`
--

CREATE TABLE `login_tokens` (
  `id` int(11) UNSIGNED NOT NULL,
  `token` char(64) COLLATE utf8mb4_unicode_ci NOT NULL,
  `user_id` int(11) UNSIGNED NOT NULL
) ENGINE=InnoDB DEFAULT CHARSET=utf8mb4 COLLATE=utf8mb4_unicode_ci;

--
-- Дамп данных таблицы `login_tokens`
--

INSERT INTO `login_tokens` (`id`, `token`, `user_id`) VALUES
(3, '6906814c91ed8f7cde0c75ce5b0f9e253a34c404', 2),
(4, '12252015d1f3be317b0ada68362c734fd68a2724', 2),
(5, '15b99d47cb05635f13dcde01349e69793ee77f07', 1),
(6, '04e8fa469a9b2399cf243eec4404bdc8f5f57241', 2);

-- --------------------------------------------------------

--
-- Структура таблицы `password_tokens`
--

CREATE TABLE `password_tokens` (
  `id` int(11) UNSIGNED NOT NULL,
  `token` char(64) COLLATE utf8mb4_unicode_ci NOT NULL,
  `user_id` int(11) UNSIGNED NOT NULL
) ENGINE=InnoDB DEFAULT CHARSET=utf8mb4 COLLATE=utf8mb4_unicode_ci;

-- --------------------------------------------------------

--
-- Структура таблицы `posts`
--

CREATE TABLE `posts` (
  `id` int(11) UNSIGNED NOT NULL,
  `body` varchar(256) COLLATE utf8mb4_unicode_ci NOT NULL,
  `posted_at` datetime NOT NULL,
  `user_id` int(11) UNSIGNED NOT NULL,
  `likes` int(11) UNSIGNED NOT NULL
) ENGINE=InnoDB DEFAULT CHARSET=utf8mb4 COLLATE=utf8mb4_unicode_ci;

--
-- Дамп данных таблицы `posts`
--

INSERT INTO `posts` (`id`, `body`, `posted_at`, `user_id`, `likes`) VALUES
(1, 'Hello World', '2021-01-25 19:50:10', 2, 1),
(2, 'Second Post', '2021-01-25 19:52:34', 2, 1),
(3, 'Third Post!', '2021-01-25 19:55:56', 2, 1),
(4, 'Test', '2021-01-26 20:15:46', 2, 1),
(5, 'Hello <b>World</b>', '2021-01-26 20:16:08', 2, 1);

-- --------------------------------------------------------

--
-- Структура таблицы `post_likes`
--

CREATE TABLE `post_likes` (
  `id` int(11) NOT NULL,
  `post_id` int(11) UNSIGNED NOT NULL,
  `user_id` int(11) UNSIGNED NOT NULL
) ENGINE=InnoDB DEFAULT CHARSET=utf8mb4 COLLATE=utf8mb4_unicode_ci;

--
-- Дамп данных таблицы `post_likes`
--

INSERT INTO `post_likes` (`id`, `post_id`, `user_id`) VALUES
(12, 3, 2),
(13, 1, 2),
(14, 4, 1),
(15, 2, 1),
(17, 5, 2);

-- --------------------------------------------------------

--
-- Структура таблицы `users`
--

CREATE TABLE `users` (
  `id` int(11) UNSIGNED NOT NULL,
  `username` varchar(32) COLLATE utf8mb4_unicode_ci DEFAULT NULL,
  `password` varchar(60) COLLATE utf8mb4_unicode_ci DEFAULT NULL,
  `email` varchar(64) COLLATE utf8mb4_unicode_ci DEFAULT NULL,
  `verified` tinyint(1) NOT NULL DEFAULT 0
) ENGINE=InnoDB DEFAULT CHARSET=utf8mb4 COLLATE=utf8mb4_unicode_ci;

--
-- Дамп данных таблицы `users`
--

INSERT INTO `users` (`id`, `username`, `password`, `email`, `verified`) VALUES
(1, 'Verified', '$2y$10$RAQVJfIYIyoattOl4t/5SeM4YsYVhrGB.PP5hTS.B3TUonH7cZStm', 'trezortop92@gmail.com', 0),
(2, 'TrezorTop', '$2y$10$1ojYzDjwyvlKQafyM9qIWehVoA6AIOB./opR5gN75PWd1xvxsuSrW', 'trezorsix@mail.ru', 1);

--
-- Индексы сохранённых таблиц
--

--
-- Индексы таблицы `followers`
--
ALTER TABLE `followers`
  ADD PRIMARY KEY (`id`);

--
-- Индексы таблицы `login_tokens`
--
ALTER TABLE `login_tokens`
  ADD PRIMARY KEY (`id`),
  ADD UNIQUE KEY `token` (`token`),
  ADD KEY `user_id` (`user_id`);

--
-- Индексы таблицы `password_tokens`
--
ALTER TABLE `password_tokens`
  ADD PRIMARY KEY (`id`),
  ADD UNIQUE KEY `token` (`token`);

--
-- Индексы таблицы `posts`
--
ALTER TABLE `posts`
  ADD PRIMARY KEY (`id`),
  ADD KEY `user_id` (`user_id`);

--
-- Индексы таблицы `post_likes`
--
ALTER TABLE `post_likes`
  ADD PRIMARY KEY (`id`),
  ADD KEY `post_id` (`post_id`),
  ADD KEY `user_id` (`user_id`);

--
-- Индексы таблицы `users`
--
ALTER TABLE `users`
  ADD PRIMARY KEY (`id`);

--
-- AUTO_INCREMENT для сохранённых таблиц
--

--
-- AUTO_INCREMENT для таблицы `followers`
--
ALTER TABLE `followers`
  MODIFY `id` int(11) UNSIGNED NOT NULL AUTO_INCREMENT, AUTO_INCREMENT=5;

--
-- AUTO_INCREMENT для таблицы `login_tokens`
--
ALTER TABLE `login_tokens`
  MODIFY `id` int(11) UNSIGNED NOT NULL AUTO_INCREMENT, AUTO_INCREMENT=7;

--
-- AUTO_INCREMENT для таблицы `password_tokens`
--
ALTER TABLE `password_tokens`
  MODIFY `id` int(11) UNSIGNED NOT NULL AUTO_INCREMENT;

--
-- AUTO_INCREMENT для таблицы `posts`
--
ALTER TABLE `posts`
  MODIFY `id` int(11) UNSIGNED NOT NULL AUTO_INCREMENT, AUTO_INCREMENT=6;

--
-- AUTO_INCREMENT для таблицы `post_likes`
--
ALTER TABLE `post_likes`
  MODIFY `id` int(11) NOT NULL AUTO_INCREMENT, AUTO_INCREMENT=18;

--
-- AUTO_INCREMENT для таблицы `users`
--
ALTER TABLE `users`
  MODIFY `id` int(11) UNSIGNED NOT NULL AUTO_INCREMENT, AUTO_INCREMENT=3;

--
-- Ограничения внешнего ключа сохраненных таблиц
--

--
-- Ограничения внешнего ключа таблицы `login_tokens`
--
ALTER TABLE `login_tokens`
  ADD CONSTRAINT `login_tokens_ibfk_1` FOREIGN KEY (`user_id`) REFERENCES `users` (`id`);

--
-- Ограничения внешнего ключа таблицы `posts`
--
ALTER TABLE `posts`
  ADD CONSTRAINT `posts_ibfk_1` FOREIGN KEY (`user_id`) REFERENCES `users` (`id`);

--
-- Ограничения внешнего ключа таблицы `post_likes`
--
ALTER TABLE `post_likes`
  ADD CONSTRAINT `post_likes_ibfk_1` FOREIGN KEY (`post_id`) REFERENCES `posts` (`id`),
  ADD CONSTRAINT `post_likes_ibfk_2` FOREIGN KEY (`user_id`) REFERENCES `users` (`id`);
COMMIT;

/*!40101 SET CHARACTER_SET_CLIENT=@OLD_CHARACTER_SET_CLIENT */;
/*!40101 SET CHARACTER_SET_RESULTS=@OLD_CHARACTER_SET_RESULTS */;
/*!40101 SET COLLATION_CONNECTION=@OLD_COLLATION_CONNECTION */;
